CREATE DATABASE IF NOT EXISTS `cekdulu` CHARACTER SET utf8mb4 COLLATE utf8mb4_unicode_ci;
USE `cekdulu`;
SET FOREIGN_KEY_CHECKS=0;
DROP TABLE IF EXISTS `article_product`,`articles`,`affiliate_clicks`,`affiliate_links`,`product_prices`,`product_images`,`products`,`marketplaces`,`brands`,`categories`,`users`;
CREATE TABLE `users`(`id` BIGINT UNSIGNED NOT NULL AUTO_INCREMENT,`name` VARCHAR(255) NOT NULL,`email` VARCHAR(255) NOT NULL UNIQUE,`email_verified_at` TIMESTAMP NULL,`password` VARCHAR(255) NOT NULL,`remember_token` VARCHAR(100) NULL,`created_at` TIMESTAMP NULL DEFAULT CURRENT_TIMESTAMP,`updated_at` TIMESTAMP NULL DEFAULT CURRENT_TIMESTAMP ON UPDATE CURRENT_TIMESTAMP,PRIMARY KEY(`id`)) ENGINE=InnoDB DEFAULT CHARSET=utf8mb4 COLLATE=utf8mb4_unicode_ci;
CREATE TABLE `categories`(`id` BIGINT UNSIGNED NOT NULL AUTO_INCREMENT,`name` VARCHAR(255) NOT NULL,`slug` VARCHAR(255) NOT NULL UNIQUE,`icon` VARCHAR(255) NULL,`description` TEXT NULL,`is_active` TINYINT(1) NOT NULL DEFAULT 1,`created_at` TIMESTAMP NULL DEFAULT CURRENT_TIMESTAMP,`updated_at` TIMESTAMP NULL DEFAULT CURRENT_TIMESTAMP ON UPDATE CURRENT_TIMESTAMP,PRIMARY KEY(`id`)) ENGINE=InnoDB DEFAULT CHARSET=utf8mb4 COLLATE=utf8mb4_unicode_ci;
CREATE TABLE `brands`(`id` BIGINT UNSIGNED NOT NULL AUTO_INCREMENT,`name` VARCHAR(255) NOT NULL,`slug` VARCHAR(255) NOT NULL UNIQUE,`logo` VARCHAR(255) NULL,`description` TEXT NULL,`created_at` TIMESTAMP NULL DEFAULT CURRENT_TIMESTAMP,`updated_at` TIMESTAMP NULL DEFAULT CURRENT_TIMESTAMP ON UPDATE CURRENT_TIMESTAMP,PRIMARY KEY(`id`)) ENGINE=InnoDB DEFAULT CHARSET=utf8mb4 COLLATE=utf8mb4_unicode_ci;
CREATE TABLE `marketplaces`(`id` BIGINT UNSIGNED NOT NULL AUTO_INCREMENT,`name` VARCHAR(255) NOT NULL,`slug` VARCHAR(255) NOT NULL UNIQUE,`logo` VARCHAR(255) NULL,`base_url` VARCHAR(255) NULL,`is_active` TINYINT(1) NOT NULL DEFAULT 1,`created_at` TIMESTAMP NULL DEFAULT CURRENT_TIMESTAMP,`updated_at` TIMESTAMP NULL DEFAULT CURRENT_TIMESTAMP ON UPDATE CURRENT_TIMESTAMP,PRIMARY KEY(`id`)) ENGINE=InnoDB DEFAULT CHARSET=utf8mb4 COLLATE=utf8mb4_unicode_ci;
CREATE TABLE `products`(`id` BIGINT UNSIGNED NOT NULL AUTO_INCREMENT,`category_id` BIGINT UNSIGNED NULL,`brand_id` BIGINT UNSIGNED NULL,`name` VARCHAR(255) NOT NULL,`slug` VARCHAR(255) NOT NULL UNIQUE,`short_description` TEXT NULL,`description` LONGTEXT NULL,`specifications` JSON NULL,`pros` JSON NULL,`cons` JSON NULL,`thumbnail` VARCHAR(255) NULL,`worth_it_score` TINYINT UNSIGNED NOT NULL DEFAULT 70,`admin_score_adjustment` INT NOT NULL DEFAULT 0,`lowest_price` BIGINT UNSIGNED NULL,`status` ENUM('draft','published','archived') NOT NULL DEFAULT 'draft',`is_featured` TINYINT(1) NOT NULL DEFAULT 0,`is_trending` TINYINT(1) NOT NULL DEFAULT 0,`created_at` TIMESTAMP NULL DEFAULT CURRENT_TIMESTAMP,`updated_at` TIMESTAMP NULL DEFAULT CURRENT_TIMESTAMP ON UPDATE CURRENT_TIMESTAMP,PRIMARY KEY(`id`),KEY(`category_id`),KEY(`brand_id`),KEY(`status`),CONSTRAINT `products_category_fk` FOREIGN KEY(`category_id`) REFERENCES `categories`(`id`) ON DELETE SET NULL,CONSTRAINT `products_brand_fk` FOREIGN KEY(`brand_id`) REFERENCES `brands`(`id`) ON DELETE SET NULL) ENGINE=InnoDB DEFAULT CHARSET=utf8mb4 COLLATE=utf8mb4_unicode_ci;
CREATE TABLE `product_images`(`id` BIGINT UNSIGNED NOT NULL AUTO_INCREMENT,`product_id` BIGINT UNSIGNED NOT NULL,`image_url` VARCHAR(255) NOT NULL,`sort_order` INT NOT NULL DEFAULT 0,`created_at` TIMESTAMP NULL DEFAULT CURRENT_TIMESTAMP,`updated_at` TIMESTAMP NULL DEFAULT CURRENT_TIMESTAMP ON UPDATE CURRENT_TIMESTAMP,PRIMARY KEY(`id`),CONSTRAINT `product_images_product_fk` FOREIGN KEY(`product_id`) REFERENCES `products`(`id`) ON DELETE CASCADE) ENGINE=InnoDB DEFAULT CHARSET=utf8mb4 COLLATE=utf8mb4_unicode_ci;
CREATE TABLE `product_prices`(`id` BIGINT UNSIGNED NOT NULL AUTO_INCREMENT,`product_id` BIGINT UNSIGNED NOT NULL,`marketplace_id` BIGINT UNSIGNED NOT NULL,`seller_name` VARCHAR(255) NULL,`product_url` TEXT NOT NULL,`price` BIGINT UNSIGNED NOT NULL,`original_price` BIGINT UNSIGNED NULL,`discount` VARCHAR(255) NULL,`rating` DECIMAL(3,2) NULL,`sold_count` INT UNSIGNED NOT NULL DEFAULT 0,`review_count` INT UNSIGNED NOT NULL DEFAULT 0,`is_recommended` TINYINT(1) NOT NULL DEFAULT 0,`last_updated_at` TIMESTAMP NULL,`created_at` TIMESTAMP NULL DEFAULT CURRENT_TIMESTAMP,`updated_at` TIMESTAMP NULL DEFAULT CURRENT_TIMESTAMP ON UPDATE CURRENT_TIMESTAMP,PRIMARY KEY(`id`),KEY(`product_id`),KEY(`marketplace_id`),CONSTRAINT `product_prices_product_fk` FOREIGN KEY(`product_id`) REFERENCES `products`(`id`) ON DELETE CASCADE,CONSTRAINT `product_prices_marketplace_fk` FOREIGN KEY(`marketplace_id`) REFERENCES `marketplaces`(`id`) ON DELETE CASCADE) ENGINE=InnoDB DEFAULT CHARSET=utf8mb4 COLLATE=utf8mb4_unicode_ci;
CREATE TABLE `affiliate_links`(`id` BIGINT UNSIGNED NOT NULL AUTO_INCREMENT,`product_id` BIGINT UNSIGNED NOT NULL,`marketplace_id` BIGINT UNSIGNED NOT NULL,`product_price_id` BIGINT UNSIGNED NULL,`affiliate_url` TEXT NOT NULL,`campaign_name` VARCHAR(255) NULL,`is_active` TINYINT(1) NOT NULL DEFAULT 1,`click_count` INT UNSIGNED NOT NULL DEFAULT 0,`created_at` TIMESTAMP NULL DEFAULT CURRENT_TIMESTAMP,`updated_at` TIMESTAMP NULL DEFAULT CURRENT_TIMESTAMP ON UPDATE CURRENT_TIMESTAMP,PRIMARY KEY(`id`),KEY(`product_id`),KEY(`marketplace_id`),KEY(`product_price_id`),CONSTRAINT `affiliate_product_fk` FOREIGN KEY(`product_id`) REFERENCES `products`(`id`) ON DELETE CASCADE,CONSTRAINT `affiliate_marketplace_fk` FOREIGN KEY(`marketplace_id`) REFERENCES `marketplaces`(`id`) ON DELETE CASCADE,CONSTRAINT `affiliate_price_fk` FOREIGN KEY(`product_price_id`) REFERENCES `product_prices`(`id`) ON DELETE SET NULL) ENGINE=InnoDB DEFAULT CHARSET=utf8mb4 COLLATE=utf8mb4_unicode_ci;
CREATE TABLE `affiliate_clicks`(`id` BIGINT UNSIGNED NOT NULL AUTO_INCREMENT,`affiliate_link_id` BIGINT UNSIGNED NOT NULL,`product_id` BIGINT UNSIGNED NULL,`marketplace_id` BIGINT UNSIGNED NULL,`ip_address` VARCHAR(45) NULL,`user_agent` TEXT NULL,`referrer` TEXT NULL,`created_at` TIMESTAMP NULL DEFAULT CURRENT_TIMESTAMP,`updated_at` TIMESTAMP NULL DEFAULT CURRENT_TIMESTAMP ON UPDATE CURRENT_TIMESTAMP,PRIMARY KEY(`id`),CONSTRAINT `click_link_fk` FOREIGN KEY(`affiliate_link_id`) REFERENCES `affiliate_links`(`id`) ON DELETE CASCADE) ENGINE=InnoDB DEFAULT CHARSET=utf8mb4 COLLATE=utf8mb4_unicode_ci;
CREATE TABLE `articles`(`id` BIGINT UNSIGNED NOT NULL AUTO_INCREMENT,`user_id` BIGINT UNSIGNED NULL,`title` VARCHAR(255) NOT NULL,`slug` VARCHAR(255) NOT NULL UNIQUE,`excerpt` TEXT NULL,`content` LONGTEXT NULL,`featured_image` VARCHAR(255) NULL,`seo_title` VARCHAR(255) NULL,`meta_description` TEXT NULL,`status` ENUM('draft','published','archived') NOT NULL DEFAULT 'draft',`published_at` TIMESTAMP NULL,`created_at` TIMESTAMP NULL DEFAULT CURRENT_TIMESTAMP,`updated_at` TIMESTAMP NULL DEFAULT CURRENT_TIMESTAMP ON UPDATE CURRENT_TIMESTAMP,PRIMARY KEY(`id`)) ENGINE=InnoDB DEFAULT CHARSET=utf8mb4 COLLATE=utf8mb4_unicode_ci;
CREATE TABLE `article_product`(`id` BIGINT UNSIGNED NOT NULL AUTO_INCREMENT,`article_id` BIGINT UNSIGNED NOT NULL,`product_id` BIGINT UNSIGNED NOT NULL,PRIMARY KEY(`id`),UNIQUE KEY `article_product_unique`(`article_id`,`product_id`),CONSTRAINT `article_product_article_fk` FOREIGN KEY(`article_id`) REFERENCES `articles`(`id`) ON DELETE CASCADE,CONSTRAINT `article_product_product_fk` FOREIGN KEY(`product_id`) REFERENCES `products`(`id`) ON DELETE CASCADE) ENGINE=InnoDB DEFAULT CHARSET=utf8mb4 COLLATE=utf8mb4_unicode_ci;
INSERT INTO `users` (`id`,`name`,`email`,`password`) VALUES (1,'Admin CekDulu','admin@cekdulu.local','$2y$12$wFE3MLQv7mkJgUeDNlvhwOE4fAomM0GA7uUZYQG0tTLvwPZpbaMZi');
INSERT INTO `categories` VALUES (1,'Laptop','laptop','💻','Laptop kerja, gaming, dan kuliah',1,NOW(),NOW()),(2,'Smartphone','smartphone','📱','HP Android dan iPhone',1,NOW(),NOW()),(3,'Audio','audio','🎧','Headphone, TWS, dan speaker',1,NOW(),NOW()),(4,'Keyboard','keyboard','⌨️','Mechanical keyboard',1,NOW(),NOW()),(5,'Monitor','monitor','🖥️','Monitor gaming dan produktivitas',1,NOW(),NOW());
INSERT INTO `brands` (`id`,`name`,`slug`) VALUES (1,'ASUS','asus'),(2,'Lenovo','lenovo'),(3,'Sony','sony'),(4,'Keychron','keychron'),(5,'Samsung','samsung'),(6,'LG','lg'),(7,'Apple','apple');
INSERT INTO `marketplaces` (`id`,`name`,`slug`,`base_url`,`is_active`) VALUES (1,'Shopee','shopee','https://shopee.co.id',1),(2,'Tokopedia','tokopedia','https://tokopedia.com',1),(3,'Lazada','lazada','https://lazada.co.id',1),(4,'Blibli','blibli','https://blibli.com',1),(5,'Bukalapak','bukalapak','https://bukalapak.com',1);
INSERT INTO `products` (`id`,`category_id`,`brand_id`,`name`,`slug`,`short_description`,`description`,`specifications`,`pros`,`cons`,`worth_it_score`,`lowest_price`,`status`,`is_featured`,`is_trending`) VALUES (1,1,1,'ASUS ROG Zephyrus G14 2025','asus-rog-zephyrus-g14-2025','Laptop gaming ringkas dengan performa tinggi.','ASUS ROG Zephyrus G14 cocok untuk gamer, editor, dan pekerja kreatif.','{"Processor":"AMD Ryzen 9","GPU":"RTX 4060","RAM":"16GB","Storage":"1TB SSD"}','["Performa kuat","Layar bagus"]','["Harga tinggi"]',93,17499000,'published',1,1),(2,1,2,'Lenovo Legion 5i Gen 9 RTX 4060','lenovo-legion-5i-gen-9-rtx-4060','Laptop gaming value for money.','Lenovo Legion 5i menawarkan performa gaming stabil dan harga kompetitif.','{"Processor":"Intel Core i7","GPU":"RTX 4060","RAM":"16GB"}','["Cooling bagus","Harga kompetitif"]','["Bobot berat"]',91,14999000,'published',1,1),(3,3,3,'Sony WH-1000XM5 ANC','sony-wh-1000xm5-anc','Headphone ANC premium.','Sony WH-1000XM5 adalah headphone over-ear flagship dengan noise cancelling terbaik.','{"Driver":"30mm","ANC":"Yes","Battery":"30 hours"}','["ANC bagus","Suara premium"]','["Harga tinggi"]',95,3099000,'published',1,1),(4,4,4,'Keychron Q1 Pro Wireless','keychron-q1-pro-wireless','Mechanical keyboard premium wireless.','Keychron Q1 Pro cocok untuk enthusiast keyboard.','{"Switch":"Hot-swap","Connection":"Wireless"}','["Build solid"]','["Berat"]',91,1850000,'published',1,0),(5,2,5,'Samsung Galaxy S25 Ultra 256GB','samsung-galaxy-s25-ultra-256gb','Smartphone flagship Android.','Samsung Galaxy S25 Ultra cocok untuk kamera dan performa.','{"Storage":"256GB","RAM":"12GB"}','["Kamera bagus"]','["Harga mahal"]',88,14999000,'published',1,1),(6,5,6,'LG 27GP850-B 165Hz IPS Gaming','lg-27gp850-b-165hz-ips-gaming','Monitor gaming IPS 165Hz.','Monitor LG cocok untuk gaming dan kerja harian.','{"Size":"27 inch","Panel":"IPS","Refresh Rate":"165Hz"}','["Panel IPS bagus"]','["Stand besar"]',90,3750000,'published',1,0);
INSERT INTO `product_prices` (`id`,`product_id`,`marketplace_id`,`seller_name`,`product_url`,`price`,`original_price`,`discount`,`rating`,`sold_count`,`review_count`,`is_recommended`,`last_updated_at`) VALUES (1,1,2,'Official Store','https://tokopedia.com/example/asus-g14',17499000,21000000,'-17%',4.90,2300,450,1,NOW()),(2,1,1,'Shopee Mall','https://shopee.co.id/example-asus-g14',17999000,21500000,'-16%',4.80,1800,390,0,NOW()),(3,2,1,'Lenovo Official','https://shopee.co.id/example-legion',14999000,18500000,'-19%',4.80,1200,320,1,NOW()),(4,3,1,'Sony Official','https://shopee.co.id/example-sony-xm5',3099000,4499000,'-31%',4.90,12400,3200,1,NOW()),(5,4,1,'Keyboard Store','https://shopee.co.id/example-keychron',1850000,2200000,'-16%',4.80,890,210,1,NOW()),(6,5,2,'Samsung Official','https://tokopedia.com/example-s25-ultra',14999000,17999000,'-17%',4.70,3400,900,1,NOW()),(7,6,4,'Blibli Official','https://blibli.com/example-lg-monitor',3750000,4800000,'-22%',4.80,1200,300,1,NOW());
INSERT INTO `affiliate_links` (`id`,`product_id`,`marketplace_id`,`product_price_id`,`affiliate_url`,`campaign_name`,`is_active`,`click_count`) VALUES (1,1,2,1,'https://tokopedia.com/example/asus-g14?aff=cekdulu','homepage',1,0),(2,2,1,3,'https://shopee.co.id/example-legion?aff=cekdulu','homepage',1,0),(3,3,1,4,'https://shopee.co.id/example-sony-xm5?aff=cekdulu','homepage',1,0),(4,4,1,5,'https://shopee.co.id/example-keychron?aff=cekdulu','homepage',1,0),(5,5,2,6,'https://tokopedia.com/example-s25-ultra?aff=cekdulu','homepage',1,0),(6,6,4,7,'https://blibli.com/example-lg-monitor?aff=cekdulu','homepage',1,0);
INSERT INTO `articles` (`id`,`user_id`,`title`,`slug`,`excerpt`,`content`,`seo_title`,`meta_description`,`status`,`published_at`) VALUES (1,1,'Laptop Gaming 10 Jutaan Terbaik','laptop-gaming-10-jutaan-terbaik','Rekomendasi laptop gaming worth it.','<p>Memilih laptop gaming tidak harus selalu mahal. Fokus utama adalah performa GPU, cooling, kualitas layar, dan harga yang masuk akal.</p>','Laptop Gaming 10 Jutaan Terbaik - CekDulu','Rekomendasi laptop gaming 10 jutaan paling worth it.','published',NOW()),(2,1,'Mending Beli Headphone ANC atau TWS?','mending-headphone-anc-atau-tws','Perbandingan headphone ANC dan TWS.','<p>Headphone ANC cocok untuk fokus dan perjalanan jauh, sedangkan TWS lebih praktis untuk mobilitas harian.</p>','Mending Headphone ANC atau TWS?','Perbandingan headphone ANC dan TWS.','published',NOW());
SET FOREIGN_KEY_CHECKS=1;
